use TripPlanner;

insert into [User] (UserID, Password, Email, DateCreated) values ('067992e0-e9b4-471c-92b2-9fb9258e2ec9', 'Bb7ysG9CJev4', 'omallatratt0@ebay.com', '08/31/2018');
insert into [User] (UserID, Username, Password, Email, DateCreated) values ('3b8ba126-f1d3-4f28-bab7-4ac8e5d8f692', 'tgidley1', 'cZlqQJ', 'astanfield1@phpbb.com', '11/06/2018');
insert into [User] (UserID, Username, Password, Email, DateCreated) values ('25f160d5-d3c6-4944-b3e5-a8d6d29831c8', 'geakley2', 'iXNMVwHBH', 'rbarwack2@usda.gov', '04/21/2019');
insert into [User] (UserID, Username, Password, Email, DateCreated) values ('cb1840d7-2fda-4420-b133-2b687394afa3', 'pivanishev3', 'SG23yt', 'sayscough3@topsy.com', '01/02/2019');
insert into [User] (UserID, Username, Password, Email, DateCreated) values ('2ac1a40d-a606-48e9-a807-09cfa0facc0a', 'mnoke4', 'LCvQEzzs', 'bbussen4@nytimes.com', '01/04/2020');
insert into [User] (UserID, Username, Password, Email, DateCreated) values ('7da6321d-046d-4dd6-9f7b-31e2816cd912', 'admin', 'admin123', 'example@email.com', '06/04/2021');

insert into Destination (City, StateProvince, Country) values ('Fort Lauderdale', 'Florida', 'United States');
insert into Destination (City, StateProvince, Country) values ('Atlanta', 'Georgia', 'United States');
insert into Destination (City, StateProvince, Country) values ('Canton', 'Ohio', 'United States');
insert into Destination (City, StateProvince, Country) values ('Dallas', 'Texas', 'United States');
insert into Destination (City, StateProvince, Country) values ('Baltimore', 'Maryland', 'United States');
insert into Destination (City, StateProvince, Country) values ('Oklahoma City', 'Oklahoma', 'United States');
insert into Destination (City, StateProvince, Country) values ('Los Angeles', 'California', 'United States');
insert into Destination (City, StateProvince, Country) values ('New York', 'New York', 'United States');
insert into Destination (City, StateProvince, Country) values ('Austin', 'Texas', 'United States');
insert into Destination (City, StateProvince, Country) values ('Saint Paul', 'Minnesota', 'United States');
insert into Destination (City, StateProvince, Country) values ('Chicago', 'Illinois', 'United States');
insert into Destination (City, StateProvince, Country) values ('Charleston', 'South Carolina', 'United States');
insert into Destination (City, StateProvince, Country) values ('Saint Paul', 'Minnesota', 'United States');
insert into Destination (City, StateProvince, Country) values ('Atlanta', 'Georgia', 'United States');
insert into Destination (City, StateProvince, Country) values ('New Orleans', 'Louisiana', 'United States');
insert into Destination (City, StateProvince, Country) values ('San Diego', 'California', 'United States');
insert into Destination (City, StateProvince, Country) values ('Nashville', 'Tennessee', 'United States');
insert into Destination (City, StateProvince, Country) values ('Kansas City', 'Missouri', 'United States');
insert into Destination (City, StateProvince, Country) values ('Salt Lake City', 'Utah', 'United States');
insert into Destination (City, StateProvince, Country) values ('Toronto', 'Ontario', 'Canada');

insert into Trip (Name, UserID, StartDate, ProjectedEndDate, ActualEndDate, IsBooked) values ('Spring Break 2022', '25f160d5-d3c6-4944-b3e5-a8d6d29831c8', '03/26/2022', '03/30/2022', null, 1);
insert into Trip (Name, UserID, StartDate, ProjectedEndDate, ActualEndDate, IsBooked) values ('Winter Break 2022', '3b8ba126-f1d3-4f28-bab7-4ac8e5d8f692', '01/07/2022', '01/15/2022', null, 0);
insert into Trip (Name, UserID, StartDate, ProjectedEndDate, ActualEndDate, IsBooked) values ('Wedding Anniversary', '067992e0-e9b4-471c-92b2-9fb9258e2ec9', '09/13/2021', '09/21/2021', null, 1);
insert into Trip (Name, UserID, StartDate, ProjectedEndDate, ActualEndDate, IsBooked) values ('Autumn Vacation', '3b8ba126-f1d3-4f28-bab7-4ac8e5d8f692', '11/09/2020', '11/14/2020', '11/13/2020', 1);
insert into Trip (Name, UserID, StartDate, ProjectedEndDate, ActualEndDate, IsBooked) values ('Visiting family', '25f160d5-d3c6-4944-b3e5-a8d6d29831c8', '12/14/2019', '12/21/2019', '12/22/2019', 1);
insert into Trip (Name, UserID, StartDate, ProjectedEndDate, ActualEndDate, IsBooked) values ('30th Birthday', 'cb1840d7-2fda-4420-b133-2b687394afa3', '05/16/2020', '05/22/2020', '05/22/2020', 1);
insert into Trip (Name, UserID, StartDate, ProjectedEndDate, ActualEndDate, IsBooked) values ('End of school', '067992e0-e9b4-471c-92b2-9fb9258e2ec9', '05/28/2020', '06/03/2020', '06/03/2020', 1);
insert into Trip (Name, UserID, StartDate, ProjectedEndDate, ActualEndDate, IsBooked) values ('New Year Travels', '3b8ba126-f1d3-4f28-bab7-4ac8e5d8f692', '01/20/2021', '01/31/2021', '01/31/2021', 1);
insert into Trip (Name, UserID, StartDate, ProjectedEndDate, ActualEndDate, IsBooked) values ('Trip Before School', '2ac1a40d-a606-48e9-a807-09cfa0facc0a', '09/01/2020', '09/10/2020', '09/10/2020', 1);
insert into Trip (Name, UserID, StartDate, ProjectedEndDate, ActualEndDate, IsBooked) values ('Honeymoon', '2ac1a40d-a606-48e9-a807-09cfa0facc0a', '01/28/2021', '02/05/2021', '02/06/2021', 1);
insert into Trip (Name, UserID, StartDate, ProjectedEndDate, ActualEndDate, IsBooked) values ('spring break 2019', '3b8ba126-f1d3-4f28-bab7-4ac8e5d8f692', '03/23/2019', '03/28/2019', '03/27/2019', 1);
insert into Trip (Name, UserID, StartDate, ProjectedEndDate, ActualEndDate, IsBooked) values ('Visiting Family', '067992e0-e9b4-471c-92b2-9fb9258e2ec9', '04/02/2021', '04/12/2021', '04/12/2021', 1);
insert into Trip (Name, UserID, StartDate, ProjectedEndDate, ActualEndDate, IsBooked) values ('10 year Wedding Anniversary', '3b8ba126-f1d3-4f28-bab7-4ac8e5d8f692', '09/16/2020', '09/20/2020', '09/20/2020', 1);
insert into Trip (Name, UserID, StartDate, ProjectedEndDate, ActualEndDate, IsBooked) values ('Family Reunion', '25f160d5-d3c6-4944-b3e5-a8d6d29831c8', '08/25/2020', '08/30/2020', '08/30/2020', 1);
insert into Trip (Name, UserID, StartDate, ProjectedEndDate, ActualEndDate, IsBooked) values ('Birthday Trip', 'cb1840d7-2fda-4420-b133-2b687394afa3', '10/11/2020', '10/19/2020', '10/19/2020', 1);
insert into Trip (Name, UserID, StartDate, ProjectedEndDate, ActualEndDate, IsBooked) values ('Wedding Anniversary', '3b8ba126-f1d3-4f28-bab7-4ac8e5d8f692', '04/09/2020', '04/15/2020', '04/15/2020', 1);
insert into Trip (Name, UserID, StartDate, ProjectedEndDate, ActualEndDate, IsBooked) values ('Summer Vacation', 'cb1840d7-2fda-4420-b133-2b687394afa3', '07/15/2019', '07/20/2019', '07/20/2019', 1);
insert into Trip (Name, UserID, StartDate, ProjectedEndDate, ActualEndDate, IsBooked) values ('Exciting Travels', '2ac1a40d-a606-48e9-a807-09cfa0facc0a', '10/06/2020', '10/13/2020', '10/13/2020', 1);
insert into Trip (Name, UserID, StartDate, ProjectedEndDate, ActualEndDate, IsBooked) values ('Visiting Family', '25f160d5-d3c6-4944-b3e5-a8d6d29831c8', '10/23/2020', '10/30/2020', '10/30/2020', 1);
insert into Trip (Name, UserID, StartDate, ProjectedEndDate, ActualEndDate, IsBooked) values ('Summer Vacation 2020', '3b8ba126-f1d3-4f28-bab7-4ac8e5d8f692', '07/03/2020', '07/10/2020', '07/10/2020', 1);
insert into Trip (Name, UserID, StartDate, ProjectedEndDate, ActualEndDate, IsBooked) values ('Before School', '067992e0-e9b4-471c-92b2-9fb9258e2ec9', '07/25/2020', '08/01/2020', '08/02/2020', 1);
insert into Trip (Name, UserID, StartDate, ProjectedEndDate, ActualEndDate, IsBooked) values ('Visiting Family', '2ac1a40d-a606-48e9-a807-09cfa0facc0a', '11/27/2020', '12/02/2020', '12/02/2020', 1);
insert into Trip (Name, UserID, StartDate, ProjectedEndDate, ActualEndDate, IsBooked) values ('Wedding Anniversary', 'cb1840d7-2fda-4420-b133-2b687394afa3', '04/23/2020', '04/30/2020', '04/30/2020', 1);
insert into Trip (Name, UserID, StartDate, ProjectedEndDate, ActualEndDate, IsBooked) values ('40th Birthday', '2ac1a40d-a606-48e9-a807-09cfa0facc0a', '02/24/2020', '03/03/2020', '03/03/2020', 1);
insert into Trip (Name, UserID, StartDate, ProjectedEndDate, ActualEndDate, IsBooked) values ('Birthday Celebration', '067992e0-e9b4-471c-92b2-9fb9258e2ec9', '11/04/2020', '11/09/2020', '11/09/2020', 1);
insert into Trip (Name, UserID, StartDate, ProjectedEndDate, ActualEndDate, IsBooked) values ('Retirement Trip', '3b8ba126-f1d3-4f28-bab7-4ac8e5d8f692', '05/17/2020', '05/23/2020', '05/24/2020', 1);
insert into Trip (Name, UserID, StartDate, ProjectedEndDate, ActualEndDate, IsBooked) values ('Retirement Trip', '25f160d5-d3c6-4944-b3e5-a8d6d29831c8', '02/08/2020', '02/14/2020', '02/14/2020', 1);
insert into Trip (Name, UserID, StartDate, ProjectedEndDate, ActualEndDate, IsBooked) values ('Holiday Travels', 'cb1840d7-2fda-4420-b133-2b687394afa3', '12/31/2020', '01/09/2021', '01/09/2021', 1);
insert into Trip (Name, UserID, StartDate, ProjectedEndDate, ActualEndDate, IsBooked) values ('End of Summer Trip', '2ac1a40d-a606-48e9-a807-09cfa0facc0a', '08/13/2020', '08/24/2020', '08/24/2020', 1);
insert into Trip (Name, UserID, StartDate, ProjectedEndDate, ActualEndDate, IsBooked) values ('Vacation', '25f160d5-d3c6-4944-b3e5-a8d6d29831c8', '04/06/2020', '04/18/2020', '04/18/2020', 1);

insert into DestinationTrip (TripID, DestinationID, Description) values (2, 16, 'San Diego Zoo');
insert into DestinationTrip (TripID, DestinationID, Description) values (22, 15, 'French Quarter');
insert into DestinationTrip (TripID, DestinationID, Description) values (19, 12, 'Boat Tours');
insert into DestinationTrip (TripID, DestinationID, Description) values (15, 5, 'Fort McHenry');
insert into DestinationTrip (TripID, DestinationID, Description) values (16, 18, 'Legoland');
insert into DestinationTrip (TripID, DestinationID, Description) values (30, 7, 'Universal Studios');
insert into DestinationTrip (TripID, DestinationID, Description) values (4, 5, 'National Aquarium');
insert into DestinationTrip (TripID, DestinationID, Description) values (12, 17, 'Country Music Hall of Fame');
insert into DestinationTrip (TripID, DestinationID, Description) values (8, 15, 'National World War 2 Museum');
insert into DestinationTrip (TripID, DestinationID, Description) values (28, 3, 'NFL Hall of Fame');
insert into DestinationTrip (TripID, DestinationID, Description) values (1, 15, 'Jackson Square');
insert into DestinationTrip (TripID, DestinationID, Description) values (7, 1, 'Las Olas Beach');
insert into DestinationTrip (TripID, DestinationID, Description) values (10, 19, 'Liberty Park');
insert into DestinationTrip (TripID, DestinationID, Description) values (5, 17, 'The Grand Ole Opry');
insert into DestinationTrip (TripID, DestinationID, Description) values (25, 16, 'Balboa Park');
insert into DestinationTrip (TripID, DestinationID, Description) values (20, 14, 'Georgia Aquarium');
insert into DestinationTrip (TripID, DestinationID, Description) values (15, 1, 'Hugh Taylor Birch State Park');
insert into DestinationTrip (TripID, DestinationID, Description) values (1, 20, 'CN Tower');
insert into DestinationTrip (TripID, DestinationID, Description) values (26, 16, 'Gaslamp Quarter');
insert into DestinationTrip (TripID, DestinationID, Description) values (21, 14, 'Botanical Gardens');
insert into DestinationTrip (TripID, DestinationID, Description) values (13, 15, 'Preservation Hall');
insert into DestinationTrip (TripID, DestinationID, Description) values (6, 9, 'Zilker Metropolitan Park');
insert into DestinationTrip (TripID, DestinationID, Description) values (27, 4, 'Botanical Gardens');
insert into DestinationTrip (TripID, DestinationID, Description) values (26, 2, 'Golden Gate Bridge');
insert into DestinationTrip (TripID, DestinationID, Description) values (19, 7, 'Griffith Park');
insert into DestinationTrip (TripID, DestinationID, Description) values (6, 19, 'City Creek Center');
insert into DestinationTrip (TripID, DestinationID, Description) values (5, 10, 'Minnehaha Falls');
insert into DestinationTrip (TripID, DestinationID, Description) values (13, 14, 'Piedmont Park');
insert into DestinationTrip (TripID, DestinationID, Description) values (29, 5, 'Inner Harbor, Peabody Library');
insert into DestinationTrip (TripID, DestinationID, Description) values (21, 6, 'Sissortail Park');
insert into DestinationTrip (TripID, DestinationID, Description) values (8, 13, 'Space Needle');
insert into DestinationTrip (TripID, DestinationID, Description) values (18, 20, 'Casa Loma');
insert into DestinationTrip (TripID, DestinationID, Description) values (16, 2, 'Alcatraz Island');
insert into DestinationTrip (TripID, DestinationID, Description) values (7, 2, 'Golden Gate Park');
insert into DestinationTrip (TripID, DestinationID, Description) values (5, 6, 'National Memorial and Museum');
insert into DestinationTrip (TripID, DestinationID, Description) values (6, 13, 'Pike Place Market');
insert into DestinationTrip (TripID, DestinationID, Description) values (21, 10, 'Science Museum');
insert into DestinationTrip (TripID, DestinationID, Description) values (1, 8, 'Central Park');
insert into DestinationTrip (TripID, DestinationID, Description) values (13, 12, 'Beaches, Folly beach');
insert into DestinationTrip (TripID, DestinationID, Description) values (19, 13, 'Museum of Flight');
insert into DestinationTrip (TripID, DestinationID, Description) values (29, 1, 'Riverwalk');
insert into DestinationTrip (TripID, DestinationID, Description) values (8, 1, 'Port Everglades');
insert into DestinationTrip (TripID, DestinationID, Description) values (24, 16, 'Sea World');
insert into DestinationTrip (TripID, DestinationID, Description) values (14, 20, 'St. Lawrence Market');
insert into DestinationTrip (TripID, DestinationID, Description) values (12, 15, 'St. Louis Cathedral');
insert into DestinationTrip (TripID, DestinationID, Description) values (15, 2, 'Chinatown');
insert into DestinationTrip (TripID, DestinationID, Description) values (7, 15, 'City Park');
insert into DestinationTrip (TripID, DestinationID, Description) values (14, 3, 'Palace Theatre');
insert into DestinationTrip (TripID, DestinationID, Description) values (11, 8, 'Central Park');
insert into DestinationTrip (TripID, DestinationID, Description) values (3, 20, 'Eaton Center');
insert into DestinationTrip (TripID, DestinationID, Description) values (9, 7, 'Disneyland Resort');
insert into DestinationTrip (TripID, DestinationID, Description) values (17, 8, '9/11 Memorial');
insert into DestinationTrip (TripID, DestinationID, Description) values (23, 20, 'Eaton Center');


insert into Review (DestinationID, UserID, Description, Rating) values (16, '3b8ba126-f1d3-4f28-bab7-4ac8e5d8f692', 'Aliquam sit amet diam in magna bibendum imperdiet. Nullam orci pede, venenatis non, sodales sed, tincidunt eu, felis. Fusce posuere felis sed lacus.', 3.0);
insert into Review (DestinationID, UserID, Description, Rating) values (12, '25f160d5-d3c6-4944-b3e5-a8d6d29831c8', 'Nunc nisl.', 3.7);
insert into Review (DestinationID, UserID, Description, Rating) values (14, '3b8ba126-f1d3-4f28-bab7-4ac8e5d8f692', 'Curabitur gravida nisi at nibh. In hac habitasse platea dictumst. Aliquam augue quam, sollicitudin vitae, consectetuer eget, rutrum at, lorem.', 3.2);
insert into Review (DestinationID, UserID, Description, Rating) values (15, '25f160d5-d3c6-4944-b3e5-a8d6d29831c8', 'Pellentesque ultrices mattis odio. Donec vitae nisi. Nam ultrices, libero non mattis pulvinar, nulla pede ullamcorper augue, a suscipit nulla elit ac nulla. Sed vel enim sit amet nunc viverra dapibus. Nulla suscipit ligula in lacus.', 2.2);
insert into Review (DestinationID, UserID, Description, Rating) values (19, '2ac1a40d-a606-48e9-a807-09cfa0facc0a', 'Nulla nisl. Nunc nisl.', 3.5);
insert into Review (DestinationID, UserID, Description, Rating) values (13, 'cb1840d7-2fda-4420-b133-2b687394afa3', 'In tempor, turpis nec euismod scelerisque, quam turpis adipiscing lorem, vitae mattis nibh ligula nec sem.', 3.2);
insert into Review (DestinationID, UserID, Description, Rating) values (13, '3b8ba126-f1d3-4f28-bab7-4ac8e5d8f692', 'Suspendisse potenti. Cras in purus eu magna vulputate luctus. Cum sociis natoque penatibus et magnis dis parturient montes, nascetur ridiculus mus. Vivamus vestibulum sagittis sapien.', 2.5);
insert into Review (DestinationID, UserID, Description, Rating) values (4, '25f160d5-d3c6-4944-b3e5-a8d6d29831c8', 'Fusce congue, diam id ornare imperdiet, sapien urna pretium nisl, ut volutpat sapien arcu sed augue. Aliquam erat volutpat. In congue. Etiam justo. Etiam pretium iaculis justo.', 2.9);
insert into Review (DestinationID, UserID, Description, Rating) values (2, '067992e0-e9b4-471c-92b2-9fb9258e2ec9', 'Nunc rhoncus dui vel sem. Sed sagittis. Nam congue, risus semper porta volutpat, quam pede lobortis ligula, sit amet eleifend pede libero quis orci. Nullam molestie nibh in lectus.', 3.8);
insert into Review (DestinationID, UserID, Description, Rating) values (3, '25f160d5-d3c6-4944-b3e5-a8d6d29831c8', 'Morbi quis tortor id nulla ultrices aliquet. Maecenas leo odio, condimentum id, luctus nec, molestie sed, justo. Pellentesque viverra pede ac diam. Cras pellentesque volutpat dui.', 1.8);
insert into Review (DestinationID, UserID, Description, Rating) values (2, 'cb1840d7-2fda-4420-b133-2b687394afa3', 'Nunc rhoncus dui vel sem. Sed sagittis. Nam congue, risus semper porta volutpat, quam pede lobortis ligula, sit amet eleifend pede libero quis orci.', 1.5);
insert into Review (DestinationID, UserID, Description, Rating) values (8, 'cb1840d7-2fda-4420-b133-2b687394afa3', 'Integer tincidunt ante vel ipsum. Praesent blandit lacinia erat.', 3.9);
insert into Review (DestinationID, UserID, Description, Rating) values (5, '3b8ba126-f1d3-4f28-bab7-4ac8e5d8f692', 'Cras mi pede, malesuada in, imperdiet et, commodo vulputate, justo. In blandit ultrices enim. Lorem ipsum dolor sit amet, consectetuer adipiscing elit. Proin interdum mauris non ligula pellentesque ultrices. Phasellus id sapien in sapien iaculis congue.', 2.3);
insert into Review (DestinationID, UserID, Description, Rating) values (6, '25f160d5-d3c6-4944-b3e5-a8d6d29831c8', 'Suspendisse potenti.', 2.2);
insert into Review (DestinationID, UserID, Description, Rating) values (5, 'cb1840d7-2fda-4420-b133-2b687394afa3', 'Nullam varius. Nulla facilisi.', 3.8);
insert into Review (DestinationID, UserID, Description, Rating) values (18, '3b8ba126-f1d3-4f28-bab7-4ac8e5d8f692', 'Nullam orci pede, venenatis non, sodales sed, tincidunt eu, felis. Fusce posuere felis sed lacus.', 1.4);
insert into Review (DestinationID, UserID, Description, Rating) values (16, '067992e0-e9b4-471c-92b2-9fb9258e2ec9', 'Curabitur gravida nisi at nibh. In hac habitasse platea dictumst. Aliquam augue quam, sollicitudin vitae, consectetuer eget, rutrum at, lorem. Integer tincidunt ante vel ipsum.', 0.6);
insert into Review (DestinationID, UserID, Description, Rating) values (8, '3b8ba126-f1d3-4f28-bab7-4ac8e5d8f692', 'Donec vitae nisi. Nam ultrices, libero non mattis pulvinar, nulla pede ullamcorper augue, a suscipit nulla elit ac nulla.', 1.1);
insert into Review (DestinationID, UserID, Description, Rating) values (13, '25f160d5-d3c6-4944-b3e5-a8d6d29831c8', 'Nullam orci pede, venenatis non, sodales sed, tincidunt eu, felis. Fusce posuere felis sed lacus. Morbi sem mauris, laoreet ut, rhoncus aliquet, pulvinar sed, nisl. Nunc rhoncus dui vel sem. Sed sagittis.', 2.1);
insert into Review (DestinationID, UserID, Description, Rating) values (3, 'cb1840d7-2fda-4420-b133-2b687394afa3', 'Maecenas rhoncus aliquam lacus.', 1.2);
insert into Review (DestinationID, UserID, Description, Rating) values (6, '067992e0-e9b4-471c-92b2-9fb9258e2ec9', 'Aliquam erat volutpat. In congue.', 3.9);
insert into Review (DestinationID, UserID, Description, Rating) values (17, '067992e0-e9b4-471c-92b2-9fb9258e2ec9', 'Integer aliquet, massa id lobortis convallis, tortor risus dapibus augue, vel accumsan tellus nisi eu orci. Mauris lacinia sapien quis libero. Nullam sit amet turpis elementum ligula vehicula consequat.', 2.2);
insert into Review (DestinationID, UserID, Description, Rating) values (1, '067992e0-e9b4-471c-92b2-9fb9258e2ec9', 'Quisque erat eros, viverra eget, congue eget, semper rutrum, nulla. Nunc purus. Phasellus in felis. Donec semper sapien a libero. Nam dui.', 2.7);
insert into Review (DestinationID, UserID, Description, Rating) values (1, '3b8ba126-f1d3-4f28-bab7-4ac8e5d8f692', 'Duis ac nibh.', 2.7);
insert into Review (DestinationID, UserID, Description, Rating) values (20, '25f160d5-d3c6-4944-b3e5-a8d6d29831c8', 'Donec semper sapien a libero. Nam dui. Proin leo odio, porttitor id, consequat in, consequat ut, nulla. Sed accumsan felis.', 2.5);
insert into Review (DestinationID, UserID, Description, Rating) values (19, 'cb1840d7-2fda-4420-b133-2b687394afa3', 'Fusce consequat. Nulla nisl. Nunc nisl. Duis bibendum, felis sed interdum venenatis, turpis enim blandit mi, in porttitor pede justo eu massa. Donec dapibus.', 3.4);
insert into Review (DestinationID, UserID, Description, Rating) values (15, '067992e0-e9b4-471c-92b2-9fb9258e2ec9', 'Vivamus vel nulla eget eros elementum pellentesque. Quisque porta volutpat erat. Quisque erat eros, viverra eget, congue eget, semper rutrum, nulla. Nunc purus. Phasellus in felis.', 3.5);
insert into Review (DestinationID, UserID, Description, Rating) values (15, '3b8ba126-f1d3-4f28-bab7-4ac8e5d8f692', 'Praesent id massa id nisl venenatis lacinia.', 4.8);
insert into Review (DestinationID, UserID, Description, Rating) values (20, '2ac1a40d-a606-48e9-a807-09cfa0facc0a', 'In hac habitasse platea dictumst.', 2.6);
insert into Review (DestinationID, UserID, Description, Rating) values (2, '3b8ba126-f1d3-4f28-bab7-4ac8e5d8f692', 'Morbi porttitor lorem id ligula. Suspendisse ornare consequat lectus. In est risus, auctor sed, tristique in, tempus sit amet, sem.', 1.2);
insert into Review (DestinationID, UserID, Description, Rating) values (10, '25f160d5-d3c6-4944-b3e5-a8d6d29831c8', 'Vestibulum quam sapien, varius ut, blandit non, interdum in, ante.', 0.5);
insert into Review (DestinationID, UserID, Description, Rating) values (15, '2ac1a40d-a606-48e9-a807-09cfa0facc0a', 'In eleifend quam a odio. In hac habitasse platea dictumst. Maecenas ut massa quis augue luctus tincidunt. Nulla mollis molestie lorem.', 0.9);
insert into Review (DestinationID, UserID, Description, Rating) values (5, '2ac1a40d-a606-48e9-a807-09cfa0facc0a', 'Morbi porttitor lorem id ligula. Suspendisse ornare consequat lectus. In est risus, auctor sed, tristique in, tempus sit amet, sem.', 4.1);
insert into Review (DestinationID, UserID, Description, Rating) values (12, '3b8ba126-f1d3-4f28-bab7-4ac8e5d8f692', 'Fusce consequat.', 1.8);
insert into Review (DestinationID, UserID, Description, Rating) values (7, '25f160d5-d3c6-4944-b3e5-a8d6d29831c8', 'Nam dui. Proin leo odio, porttitor id, consequat in, consequat ut, nulla.', 3.4);


